<?xml version="1.0" encoding="UTF-8"?>
<feature primary="false"  provider-name="%providerName"    label="%featureName"  image="eclipse_update_120.jpg" id="org.eclipse.rcp.source"  version="3.3.2.R33x_r20071022-8y8eE9CEV3FspP8HJrY1M2dS">
	<description >
		%description
	</description>
	<copyright >
		%copyright
	</copyright>
	<license url="%licenseURL">
		%license
	</license>
	<url>
		<update label="%updateSiteName" url="http://update.eclipse.org/updates/3.3"/>
	</url>
	<plugin    fragment="false"  download-size="0" install-size="0" id="com.ibm.icu.source" version="3.6.1.v20070906"/>
	<plugin    fragment="false"  download-size="0" install-size="0" id="org.eclipse.rcp.source" version="3.3.2.R33x_r20071022-8y8eE9CEV3FspP8HJrY1M2dS"/>
	<plugin ws="motif"  os="hpux" fragment="true" arch="ia64_32" download-size="0" install-size="0" id="org.eclipse.rcp.source.hpux.motif.ia64_32" version="3.3.2.R33x_r20071022-8y8eE9CEV3FspP8HJrY1M2dS"/>
	<plugin ws="gtk"  os="linux" fragment="true" arch="ia64" download-size="0" install-size="0" id="org.eclipse.rcp.source.linux.gtk.ia64" version="3.3.2.R33x_r20071022-8y8eE9CEV3FspP8HJrY1M2dS"/>
	<plugin ws="photon"  os="qnx" fragment="true" arch="x86" download-size="0" install-size="0" id="org.eclipse.rcp.source.qnx.photon.x86" version="3.3.2.R33x_r20071022-8y8eE9CEV3FspP8HJrY1M2dS"/>
	<plugin ws="gtk"  os="linux" fragment="true" arch="ppc" download-size="0" install-size="0" id="org.eclipse.rcp.source.linux.gtk.ppc" version="3.3.2.R33x_r20071022-8y8eE9CEV3FspP8HJrY1M2dS"/>
	<plugin ws="motif"  os="hpux" fragment="true" arch="PA_RISC" download-size="0" install-size="0" id="org.eclipse.rcp.source.hpux.motif.PA_RISC" version="3.3.2.R33x_r20071022-8y8eE9CEV3FspP8HJrY1M2dS"/>
	<plugin ws="wpf"  os="win32" fragment="true" arch="x86" download-size="0" install-size="0" id="org.eclipse.rcp.source.win32.wpf.x86" version="3.3.2.R33x_r20071022-8y8eE9CEV3FspP8HJrY1M2dS"/>
	<plugin ws="gtk"  os="linux" fragment="true" arch="x86_64" download-size="0" install-size="0" id="org.eclipse.rcp.source.linux.gtk.x86_64" version="3.3.2.R33x_r20071022-8y8eE9CEV3FspP8HJrY1M2dS"/>
	<plugin ws="gtk"  os="solaris" fragment="true" arch="sparc" download-size="0" install-size="0" id="org.eclipse.rcp.source.solaris.gtk.sparc" version="3.3.2.R33x_r20071022-8y8eE9CEV3FspP8HJrY1M2dS"/>
	<plugin ws="carbon"  os="macosx" fragment="true" arch="ppc" download-size="0" install-size="0" id="org.eclipse.rcp.source.macosx.carbon.ppc" version="3.3.2.R33x_r20071022-8y8eE9CEV3FspP8HJrY1M2dS"/>
	<plugin ws="gtk"  os="linux" fragment="true" arch="x86" download-size="0" install-size="0" id="org.eclipse.rcp.source.linux.gtk.x86" version="3.3.2.R33x_r20071022-8y8eE9CEV3FspP8HJrY1M2dS"/>
	<plugin ws="motif"  os="aix" fragment="true" arch="ppc" download-size="0" install-size="0" id="org.eclipse.rcp.source.aix.motif.ppc" version="3.3.2.R33x_r20071022-8y8eE9CEV3FspP8HJrY1M2dS"/>
	<plugin ws="win32"  os="win32" fragment="true" arch="x86" download-size="0" install-size="0" id="org.eclipse.rcp.source.win32.win32.x86" version="3.3.2.R33x_r20071022-8y8eE9CEV3FspP8HJrY1M2dS"/>
	<plugin ws="motif"  os="solaris" fragment="true" arch="sparc" download-size="0" install-size="0" id="org.eclipse.rcp.source.solaris.motif.sparc" version="3.3.2.R33x_r20071022-8y8eE9CEV3FspP8HJrY1M2dS"/>
	<plugin ws="motif"  os="linux" fragment="true" arch="x86" download-size="0" install-size="0" id="org.eclipse.rcp.source.linux.motif.x86" version="3.3.2.R33x_r20071022-8y8eE9CEV3FspP8HJrY1M2dS"/>
</feature>
