<?xml version="1.0" encoding="UTF-8"?>
<feature
      id="org.eclipse.rcp.additions"
      label="%featureName"
      version="3.5.1.201001132017"
      provider-name="%providerName"
      plugin="org.eclipse.rcp"
      image="eclipse_update_120.jpg">

   <description>
      %description
   </description>

   <copyright>
      %copyright
   </copyright>

   <license url="%licenseURL">
      %license
   </license>

   <requires>
      <import feature="org.eclipse.rcp" version="3.5.1" match="equivalent"/>
   </requires>

   <plugin
         id="org.eclipse.ui.views.log"
         download-size="0"
         install-size="0"
         version="1.0.100.v20090731"
         unpack="false"/>

   <plugin
         id="org.eclipse.ui.intro"
         download-size="0"
         install-size="0"
         version="3.3.1.v20090805_35x"
         unpack="false"/>

   <plugin
         id="org.eclipse.ui.forms"
         download-size="0"
         install-size="0"
         version="3.4.1.v20090714_35x"
         unpack="false"/>

</feature>
