<?xml version="1.0" encoding="UTF-8"?>
<feature
      id="org.eclipse.rcp.additions"
      label="%featureName"
      version="3.3.2.200712191738"
      provider-name="%providerName"
      plugin="org.eclipse.rcp"
      image="eclipse_update_120.jpg">

   <description>
      %description
   </description>

   <copyright>
      %copyright
   </copyright>

   <license url="%licenseURL">
      %license
   </license>

   <requires>
      <import feature="org.eclipse.rcp" version="3.3.2.R33x_r20071022-8y8eE9CEV3FspP8HJrY1M2dS"/>
   </requires>

   <plugin
         id="org.eclipse.pde.runtime"
         download-size="0"
         install-size="0"
         version="3.3.0.v20070608-1300"
         unpack="false"/>

   <plugin
         id="org.eclipse.ui.intro"
         download-size="0"
         install-size="0"
         version="3.2.101.v20070827_33x"
         unpack="false"/>

   <plugin
         id="org.eclipse.ui.forms"
         download-size="0"
         install-size="0"
         version="3.3.0.v20070511"
         unpack="false"/>

</feature>
