<?xml version="1.0" encoding="UTF-8"?>
<feature
      id="org.eclipse.rcp.additions"
      label="%featureName"
      version="3.3.2.200902120936"
      provider-name="%providerName"
      plugin="org.eclipse.rcp"
      image="eclipse_update_120.jpg">

   <description>
      %description
   </description>

   <copyright>
      %copyright
   </copyright>

   <license url="%licenseURL">
      %license
   </license>

   <requires>
      <import feature="org.eclipse.rcp" version="3.3.0.v20070607-8y8eE8NEbsN3X_fjWS8HPNG"/>
   </requires>

   <plugin
         id="org.eclipse.ui.intro"
         download-size="0"
         install-size="0"
         version="3.2.201.v20080702_34x"
         unpack="false"/>

   <plugin
         id="org.eclipse.ui.forms"
         download-size="0"
         install-size="0"
         version="3.3.101.v20080708_34x"
         unpack="false"/>

   <plugin
         id="org.eclipse.ui.views.log"
         download-size="0"
         install-size="0"
         version="1.0.0.v20080803-1700"
         unpack="false"/>

</feature>
